;algas;bahiagas;esgas;cebgas;ceg;ceg_rio;cegas;cigas;comgas;compagas;copergas;gas_brasiliano;gasmig;gaspisa;mtgas;msgas;pbgas;potigas;naturgy_sp;scgas;sergas;sulgas;goiasgas;gasmar;total
01/01/2010;0,45;3,65;1,76;0,01;4,98;3,7;0,66;0;11,77;0,85;0,97;0,53;1,69;0;0;0,17;0,35;0,37;1,4;1,53;0,25;1,3;0;0;36,4
01/02/2010;0,47;3,6;1,92;0,01;7,08;4,67;0,67;0;12,68;0,9;1;0,52;1,99;0;0,01;0,58;0,37;0,39;1,41;1,64;0,27;1,33;0;0;41,49
01/03/2010;0,51;3,59;0,8;0,01;6,57;4,48;0,43;0;12,87;0,99;1,02;0,51;1,89;0;0,01;0,31;0,38;0,4;1,49;1,72;0,26;1,38;0;0;39,61
01/04/2010;0,49;3,59;1,87;0,01;5,93;3,03;0,65;0;12,66;0,99;2,54;0,51;1,84;0;0,01;0,44;0,37;0,38;1,42;1,75;0,25;1,43;0;0;40,15
01/05/2010;0,47;3,44;1,73;0,01;7,68;4,23;1,24;0;12,99;0,95;2,34;0,66;2,45;0;0;0,23;0,36;0,38;1,5;1,77;0,26;1,48;0;0;44,19
01/06/2010;0,46;3,83;1,92;0,01;7,61;6,28;1,93;0;13,87;1,04;3,04;0,73;2,6;0;0;0,5;0,37;0,4;1,48;1,8;0,26;1,57;0;0;49,71
01/07/2010;0,48;3,96;2,16;0,01;7,28;5,91;1,93;0;13,09;1,01;3,12;0,76;2,84;0;0,01;0,22;0,39;0,41;1,47;1,82;0,28;1,53;0;0;48,67
01/08/2010;0,5;3,57;2,35;0,01;10,71;9,01;1,67;0;14,49;3,05;2,92;0,82;3,28;0;0,01;0,72;0,38;0,41;1,54;1,81;0,28;1,59;0;0;59,11
01/09/2010;0,51;3,82;2,5;0,01;10,88;9,75;1,97;0;15,02;3,06;3,22;0,82;3,41;0;0,01;1,81;0,38;0,4;1,45;1,8;0,29;1,69;0;0;62,77
01/10/2010;0,5;3,7;2,74;0,01;10,98;6,61;1,98;0;15,3;3,02;2,86;0,73;3,18;0;0,01;2,1;0,37;0,4;1,48;1,78;0,28;1,72;0;0;59,77
01/11/2010;0,46;3,33;2,92;0,01;12,01;8,93;1,98;0,51;14,13;2,86;2,96;0,62;3,46;0;0,01;2,41;0,37;0,4;1,49;1,78;0,28;1,48;0;0;62,41
01/12/2010;0,4;3,99;2,95;0,01;10,6;6,21;1,4;0,46;12,54;1,66;2,1;0,55;2,91;0;0,01;0,8;0,36;0,37;1,37;1,7;0,27;1,36;0;0;52,02
01/01/2011;0,42;3,85;2,75;0,01;7,45;3,71;0,41;0,5;12,4;1,29;1,59;0,54;2,59;0;0,01;0,18;0,32;0,34;1,42;1,72;0,26;1,35;0;0;43,1
01/02/2011;0,31;3,77;3,6;0,01;7,43;5,11;0,46;0,92;14,08;0,95;1,24;0,54;2,84;0;0,01;0,3;0,37;0,41;1,5;1,84;0,26;1,54;0;0;47,5
01/03/2011;0,47;3,96;2,61;0,01;7,06;3,38;0,44;1,05;13,49;0,96;1,67;0,6;2,96;0;0,01;0,19;0,35;0,4;1,45;1,85;0,24;1,74;0;0;44,9
01/04/2011;0,39;3,81;3,11;0,01;6,91;2,25;0,42;1,37;13,49;1,01;1,04;0,58;2,92;0;0;0,22;0,34;0,4;1,32;1,83;0,24;1,78;0;0;43,45
01/05/2011;0,43;3,83;2,89;0,01;7,31;2,6;1,21;1,58;13,26;1,09;3,11;0,69;2,95;0;0,01;0,2;0,34;0,41;1,4;1,86;0,25;1,98;0;0;47,42
01/06/2011;0,43;3,98;2,99;0,01;6,78;4,67;1,32;1,95;13,59;1,07;3,05;0,83;3,16;0;0,01;0,2;0,35;0,41;1,37;1,86;0,27;1,94;0;0;50,23
01/07/2011;0,47;3,98;2,75;0,01;6,29;4,59;1,38;2,15;13,3;1,08;3,13;0,88;2,94;0;0,01;0,29;0,34;0,4;1,42;1,85;0,28;2,01;0;0;49,56
01/08/2011;0,48;3,71;2,94;0,01;6,35;5,04;0,48;2,48;13,38;1,08;2,37;0,9;3,05;0;0,01;0,31;0,35;0,38;1,49;1,89;0,28;1,95;0;0;48,93
01/09/2011;0,45;3,53;2,99;0,01;6,07;4,58;0,86;2,53;13,48;1,07;2,09;0,93;3,09;0;0,01;0,26;0,36;0,38;1,44;1,86;0,28;1,95;0;0;48,23
01/10/2011;0,49;3,77;2,79;0,01;6,01;5,23;2,01;2,25;13,33;1,06;2,94;0,86;2,78;0;0,01;0,24;0,35;0,38;1,5;1,88;0,28;1,72;0;0;49,89
01/11/2011;0,5;3,95;2,67;0,01;5,95;5,2;2,01;2,18;13,26;1,02;3,1;0,96;2,85;0;0,01;0,26;0,37;0,39;1,51;1,87;0,28;1,8;0;0;50,15
01/12/2011;0,48;3,95;2,8;0,01;5,99;5,44;1,9;2,27;12;0,92;3;1,01;2,74;0;0,01;0,25;0,35;0,35;1,41;1,72;0,25;1,77;0;0;48,62
01/01/2012;0,5;3,83;2,65;0,01;5,57;4,11;0,42;2,09;12,51;0,89;2,09;1,04;2,97;0;0,01;0,32;0,36;0,37;1,39;1,71;0,25;1,57;0;0;44,66
01/02/2012;0,53;3,76;2,92;0,01;6,52;5,2;0,41;2,23;13,47;0,99;3;0,9;3,14;0;0,01;0,34;0,36;0,38;1,38;1,79;0,26;1,69;0;0;49,29
01/03/2012;0,51;3,72;2,71;0,01;7,7;5,75;1;2,38;13,63;2,36;1,85;0,73;3,57;0;0,01;0,28;0,36;0,38;1,37;1,83;0,27;1,74;0;0;52,17
01/04/2012;0,5;3,7;2,85;0,01;9,86;7,03;1,02;2,58;15,38;3,12;1,15;0,73;4,03;0;0,01;1,51;0,35;0,36;1,39;1,86;0,27;1,74;0;0;59,45
01/05/2012;0,5;3,91;3,52;0,01;9,34;4,88;1,98;2,4;15,2;2,94;2,8;0,76;3,4;0;0,01;1,25;0,35;0,36;1,37;1,9;0,27;1,85;0;0;59
01/06/2012;0,53;4,07;3,3;0,01;8,54;5,4;1,1;2,35;13,85;1,24;2,45;0,83;3,24;0;0,01;0,6;0,37;0,35;1,23;1,86;0,26;1,86;0;0;53,44
01/07/2012;0,58;3,89;2,75;0,01;6,5;5,31;0,43;2,2;13,23;1,36;1,7;0,82;3,02;0;0,01;0,35;0,36;0,36;1,34;1,92;0,28;1,76;0;0;48,19
01/08/2012;0,6;3,68;2,93;0,01;6,97;4,8;1,01;2,22;13,41;1,51;2,04;0,83;3,53;0;0,01;0,18;0,36;0,36;1,38;1,91;0,3;1,79;0;0;49,82
01/09/2012;0,57;3,71;2,87;0,01;10,49;7,22;1,94;2,65;15,61;3,04;3,17;0,83;4,32;0;0,01;1,19;0,36;0,33;1,46;1,89;0,3;1,89;0;0;63,87
01/10/2012;0,54;3,55;3,27;0,01;11,53;9,92;1,94;2,7;16,21;2,96;2,96;0,83;3,96;0;0,01;1,94;0,37;0,34;1,4;1,89;0,29;2,03;0;0;68,64
01/11/2012;0,56;3,54;3,67;0,01;13,07;10,55;1,87;2,86;15,85;3,2;3,12;0,82;4,3;0;0,01;1,97;0,37;0,32;1,37;1,9;0,29;1,86;0;0;71,54
01/12/2012;0,56;3,57;3,26;0,01;11,71;8,94;1,95;2,84;14,54;3,09;2,87;0,82;3,96;0;0,01;1,99;0,36;0,27;1,14;1,63;0,29;1,72;0;0;65,53
01/01/2013;0,57;4,3;2,97;0,01;10,87;11,17;2,01;2,47;15,34;2,84;3,19;0,88;4,24;0;0,01;2,35;0,35;0,3;1,22;1,68;0,27;1,8;0;0;68,86
01/02/2013;0,6;4,54;2,91;0,01;12,06;10,36;1,97;2,48;15,39;3,11;3,07;0,86;4,13;0;0,02;2,76;0,34;0,3;1,35;1,78;0,28;2,67;0;0;70,98
01/03/2013;0,58;5,98;2,63;0,01;12,75;8,74;1,79;2,72;14,85;3,11;2,73;0,84;4,1;0;0,02;2,01;0,33;0,33;1,22;1,79;0,27;2,63;0;0;69,44
01/04/2013;0,6;5,67;3,18;0,01;12,72;9,08;1,99;2,98;15,66;2,3;1,44;0,83;3,88;0;0,02;1,69;0,34;0,35;1,38;1,89;0,27;1,82;0;0;68,09
01/05/2013;0,55;5,12;2,95;0,01;13,87;10,77;2;3,1;15,88;3,22;2,75;0,81;4,4;0;0,02;1,88;0,35;0,34;1,35;1,9;0,26;1,73;0;0;73,26
01/06/2013;0,62;5,61;3,29;0,01;13,81;9,64;2;3,16;15,64;2,66;3,28;0,82;4,17;0;0,01;1,74;0,35;0,36;1,35;1,89;0,27;1,77;0;0;72,45
01/07/2013;0,58;4,13;3,12;0,01;10,75;8,95;1,97;3,34;14,27;2,09;3,19;0,83;3,81;0;0,01;1,46;0,33;0,38;1,4;1,92;0,27;1,75;0;0;64,56
01/08/2013;0,63;3,53;3,39;0,01;11,38;9,39;1,88;3,21;14,07;2,22;3,26;0,85;3,91;0;0,01;2,05;0,34;0,37;1,32;1,93;0,28;1,82;0;0;65,85
01/09/2013;0,57;3,73;3,52;0,01;9,82;8,84;2,02;3,15;14,32;1,59;3,13;0,85;3,92;0;0,01;1;0,35;0,38;1,32;1,91;0,27;1,77;0;0;62,48
01/10/2013;0,61;3,46;3,19;0,01;11,41;7,45;2,02;3,35;15,1;1,46;3,21;0,86;4,04;0;0,02;0,76;0,36;0,38;1,41;1,92;0,29;1,88;0;0;63,19
01/11/2013;0,6;3,92;2,92;0,01;11,11;7,18;2,01;3,54;15,2;1,03;3,01;0,86;4,06;0;0,02;2,47;0,37;0,37;1,4;1,89;0,29;1,96;0;0;64,2
01/12/2013;0,63;3,64;2,88;0,01;11;6,9;1,87;3,46;13,77;1,62;2,85;0,86;4,21;0;0,01;1,61;0,36;0,33;1,17;1,69;0,29;1,75;0;0;60,91
01/01/2014;0,64;4,06;3,3;0,01;9,96;7,42;1,84;3,42;13,58;2,25;3,3;0,8;4,02;0;0,01;2,36;0,36;0,34;1,24;1,73;0,27;1,67;0;0;62,6
01/02/2014;0,61;4,04;2,7;0,01;13,24;11,44;1,99;3,43;14,82;3,05;4,02;0,79;4,85;0;0,01;2,72;0,35;0,38;1,22;1,83;0,3;1,82;0;0;73,62
01/03/2014;0,6;3,55;2,97;0,01;15,25;11,51;1,83;3,45;15,38;3,03;3,21;0,78;4,61;0;0,01;2,67;0,34;0,37;1,3;1,83;0,27;2,58;0;0;75,55
01/04/2014;0,64;3,69;3,05;0,01;15,47;10,93;1,4;3,36;15,42;3,1;3,05;0,77;4,49;0;0,01;2,88;0,34;0,37;1,29;1,87;0,28;2,34;0;0;74,77
01/05/2014;0,61;3,75;3,2;0,01;16;10,85;2,03;2,93;15,64;3,14;3,13;0,76;4,59;0;0,01;2,68;0,34;0,38;1,25;1,87;0,28;2,9;0;0,15;76,49
01/06/2014;0,61;4,11;3,75;0,01;14,32;9,6;1,88;3,5;15,03;2,3;3,05;0,77;3,96;0;0,01;2,43;0,29;0,3;1,12;1,81;0,28;1,71;0;0;70,83
01/07/2014;0,62;3,84;3,98;0,01;14,85;10,18;1,98;3,6;14,93;2,98;2,96;0,78;4,2;0;0,01;2,93;0,34;0,34;1,11;1,83;0,29;1,62;0;0;73,39
01/08/2014;0,59;3,75;3,96;0,01;16,14;11,41;2;3,62;14,87;3,05;3,61;0,8;3,82;0;0,01;2,86;0,35;0,34;1,13;1,86;0,29;1,95;0;0;76,43
01/09/2014;0,62;3,6;3,99;0,01;15,49;10,84;2,01;3,54;14,85;2;3,25;0,81;3,34;0;0,01;2,31;0,34;0,35;1,16;1,88;0,3;1,88;0;0;72,6
01/10/2014;0,57;3,86;3,15;0,01;15,52;10,37;2,01;3,63;15,45;3,28;3,61;0,84;3,95;0;0,01;2,16;0,35;0,34;1,18;1,86;0,3;1,81;0;0;74,26
01/11/2014;0,62;4,03;4,06;0,01;15,43;11,14;2,01;3,58;15,23;3,45;3;0,86;4,36;0;0,01;2,44;0,34;0,34;1,15;1,83;0,3;1,8;0;0;76
01/12/2014;0,63;4,46;3,77;0,01;15,72;11,05;1,96;3,08;14,22;3,12;3,29;0,87;4,4;0;0,01;2,68;0,33;0,27;1,03;1,62;0,29;1,5;0;0;74,3
01/01/2015;0,61;4,05;3,74;0;14,63;11,03;1,94;3,64;13,69;3,37;4,04;0,94;4,3;0;0,01;2,76;0,31;0,29;1,06;1,65;0,27;1,73;0;4,7;78,77
01/02/2015;0,56;4,06;3,7;0,01;14,49;11,15;1,97;3,74;14,81;3,43;3,87;0,85;4,3;0;0,01;3,06;0,32;0,3;1,09;1,76;0,29;3,1;0;4,71;81,6
01/03/2015;0,58;3,64;3,03;0,01;15,21;11,23;1,93;3,7;14,95;3,46;4,61;0,81;4,19;0;0;2,43;0,32;0,31;1,1;1,77;0,28;4,16;0;4,71;82,45
01/04/2015;0,61;4,15;3,2;0,01;15,83;10,01;1,98;3,74;15,14;3,69;4,39;0,78;4,19;0;0;3,03;0,33;0,3;1,15;1,76;0,28;3,25;0;4,12;81,96
01/05/2015;0,56;3,78;3,26;0,01;14,89;10,33;1,15;3,79;14,91;3,45;4,83;0,76;4,07;0;0,01;3,03;0,3;0,29;1,15;1,79;0,27;2,99;0;2,3;77,91
01/06/2015;0,57;4;3,43;0,01;15,13;10,92;1,52;3,87;14,77;3,29;3,86;0,75;4,3;0;0;2,91;0,27;0,3;1,06;1,79;0,28;2,01;0;4,25;79,28
01/07/2015;0,62;4,1;3,25;0,01;14,17;8,91;1,59;3,84;14,2;2,35;2,66;0,75;3,69;0;0;2,6;0,31;0,29;1,14;1,76;0,28;2,13;0;3,9;72,56
01/08/2015;0,64;3,55;3,34;0,01;12,78;9,83;1,84;3,84;14,23;2,68;3,5;0,75;3,43;0;0;2,53;0,31;0,28;1,15;1,73;0,29;2,08;0;3,88;72,66
01/09/2015;0,63;3,5;3,99;0,01;14,37;11,24;2,03;3,76;14,19;2,88;4,87;0,75;3,72;0;0;3,14;0,31;0,27;1,11;1,72;0,28;1,93;0;3,92;78,64
01/10/2015;0,64;3,66;3,67;0,01;13,83;10,04;2,04;3,67;14,34;1,5;4,46;0,76;3,78;0;0;3;0,31;0,28;1,22;1,74;0,28;2,1;0;4,52;75,84
01/11/2015;0,66;4,11;3,39;0,01;13,32;10,28;2,04;3,45;13,77;1,51;4,85;0,76;3,36;0;0;2,74;0,3;0,26;1,17;1,79;0,28;1,91;0;4,68;74,66
01/12/2015;0,62;4,01;2,57;0,01;12,99;10,13;2;3,7;12,41;1,29;4,59;0,76;3,32;0;0;2,51;0,26;0,21;0,99;1,52;0,3;1,49;0;4,5;70,19
01/01/2016;0,6;3,56;2,6;0,01;12,79;8,4;1,96;3,61;12,16;1,75;4,51;0,78;3,35;0;0;2,48;0,27;0,24;1,03;1,53;0,28;1,83;0;4,27;68
01/02/2016;0,56;3,7;2,82;0,01;11,92;8,79;1,68;3,54;12,14;1,36;4,33;0,75;3,11;0;0;2,32;0,25;0,26;1,13;1,63;0,26;1,87;0;4,68;67,13
01/03/2016;0,64;3,4;2,44;0,01;10,25;5,19;1,73;3,52;11,02;1,39;4,74;0,74;3,05;0;0;0,77;0,26;0,28;1,08;1,67;0,25;1,94;0;2,8;57,16
01/04/2016;0,58;3,23;2,68;0,01;10,19;5,71;1,93;3,41;10,89;1,36;5,16;0,73;2,26;0;0;0,41;0,27;0,29;1,1;1,67;0,26;1,91;0;3,09;57,13
01/05/2016;0,63;3,36;2,8;0,01;8,62;5,42;0,83;3,42;11,66;1,4;3,78;0,73;2,45;0;0;0,41;0,27;0,28;1,15;1,69;0,27;2,11;0;4,09;55,39
01/06/2016;0,62;3,47;2,96;0,01;8,7;5,43;1,46;2,5;13,94;1,48;4,53;0,74;2,49;0;0;0,34;0,28;0,29;1,16;1,78;0,28;1,99;0;4,67;59,11
01/07/2016;0,58;3,33;2,61;0;7,2;5,25;1,1;2,39;11,33;1,47;5,17;0,74;2,38;0;0;0,35;0,28;0,28;1,15;1,74;0,28;2,07;0;6,82;56,53
01/08/2016;0,66;3,16;2,8;0;11,28;6,74;0,84;2,62;11,78;1,29;4,92;0,74;2,56;0;0;0,34;0,28;0,29;1,15;1,8;0,29;1,84;0;6,6;61,99
01/09/2016;0,67;3,36;2,69;0;12,22;6,64;1,06;2,61;12,05;1,01;4,8;0,75;3,17;0;0;1,24;0,29;0,28;1,07;1,78;0,29;1,94;0;5,03;62,99
01/10/2016;0,66;3,6;1,91;0;11,42;5,76;1,26;2,43;12,92;0,98;5,12;0,74;3,4;0;0;1,96;0,29;0,28;1,09;1,75;0,28;1,76;0;7,41;65,07
01/11/2016;0,63;3,02;2,68;0;12,63;7,36;1,27;2,56;13,16;0,95;4,65;0,74;4,16;0;0;2,07;0,29;0,28;1,09;1,7;0,29;1,87;0;7,32;68,72
01/12/2016;0,64;3,3;2,52;0;10;5,6;1,24;2,59;10,97;1,18;4,85;0,73;3,13;0;0;1,46;0,28;0,24;0,99;1,45;0,29;1,74;0;5,18;58,38
01/01/2017;0,615;3,439;2,792;0,004;9,324;5,863;1,747;2,64;10,75;1,14;3,437;0,621;2,85;0;0,003;0,276;0,276;0,28;1,074;1,577;0,283;1,658;0,003;3,142;53,794
01/02/2017;0,639;3,32;3,139;0,003;8,997;6,242;1,661;2,707;11,302;1,362;3,575;0,642;2,968;0;0,003;0,434;0,274;0,299;1,155;1,769;0,29;1,772;0,002;1,379;53,934
01/03/2017;0,643;3,239;2,15;0,004;11,602;5,635;2,002;2,277;11,566;1,378;3,973;0,65;3,923;0;0,003;1,388;0,275;0,308;1,138;1,765;0,256;1,854;0,002;0,015;56,046
01/04/2017;0,596;3,44;2,428;0,004;12,586;9,289;1,887;2,544;11,55;1,345;4,137;0,647;3,777;0;0,002;2,315;0,254;0,306;1,142;1,744;0,236;1,699;0,002;0,038;61,969
01/05/2017;0,595;3,592;2,442;0,004;13,574;7,802;1,76;2,6;12,01;1,384;4,915;0,655;3,562;0;0,003;1,717;0,27;0,308;1,191;1,825;0,252;1,799;0,002;0,557;62,819
01/06/2017;0,57;3,527;2,829;0,004;9,219;5,531;1,796;2,865;12,083;1,126;4,735;0,677;2,847;0;0;0,8;0,279;0,317;1,163;1,848;0,248;1,967;0,002;4,167;58,601
01/07/2017;0,667;3,651;2,765;0,003;13,772;7,151;1,976;3,057;12,008;1,115;3,784;0,694;4,094;0;0;1,043;0,252;0,332;1,178;1,838;0,256;1,849;0,002;7,546;69,035
01/08/2017;0,625;3,748;2,861;0,004;15,594;10,871;2,031;2,662;12,384;1,218;5,056;0,709;4,16;0;0;1,903;0,241;0,348;1,195;1,866;0,258;1,882;0,002;6,842;76,459
01/09/2017;0,623;3,65;2,952;0,004;16,081;11,066;1,359;2,863;11,949;1,169;5,156;0,718;4,173;0;0;1,979;0,264;0,343;1,165;1,799;0,245;1,983;0,002;5,799;75,343
01/10/2017;0,625;3,804;2,78;0,004;15,936;10,994;0,488;3,998;12,212;1,026;5,406;0,723;3,932;0;0;1,953;0,261;0,326;1,098;1,857;0,251;1,847;0,002;7,625;77,148
01/11/2017;0,638;3,953;2,975;0,004;14,792;9,41;0,495;4,358;12,21;0,883;5,452;0,727;3,809;0;0;1,975;0,275;0,317;1,11;1,858;0,256;2,112;0,002;7,364;74,976
01/12/2017;0,64;3,884;2,74;0,004;15,006;7,483;1,821;3,645;11,092;0,75;5,312;0,724;3,085;0;0;1,526;0,277;0,303;1,069;1,745;0,253;1,757;0,002;7,564;70,682
01/01/2018;0,491;3,884;2,873;0,004;8,991;6,738;1,942;3,392;11,66;1,091;5,277;0,724;2,414;0;0;0,665;0,272;0,318;1,01;1,747;0,258;2,008;0,002;6,021;61,783
01/02/2018;0,416;3,96;3,181;0,004;11,149;6,315;1,933;3,503;13,379;1,141;5,265;0,713;2,89;0;0;0,635;0,259;0,322;1,114;1,878;0,256;2,028;0,002;0,153;60,496
01/03/2018;0,469;3,897;2,492;0,004;11,286;5,55;0,51;3,49;13,163;1,068;4,932;0,689;3,499;0;0;0,589;0,246;0,331;1,045;1,935;0,248;1,936;0,002;0;57,381
01/04/2018;0,682;3,536;2,789;0,004;11,731;4,429;0,518;3,404;13,253;0,941;4,641;0,666;2,745;0;0;1,427;0,246;0,324;1,195;1,965;0,236;1,916;0,002;0,542;57,193
01/05/2018;0,688;3,645;2,64;0,004;12,296;5,532;0,495;3,829;13,908;0,911;4,819;0,645;3,52;0;0;0,722;0,245;0,314;1,104;1,889;0,248;1,923;0,002;0,08;59,458
01/06/2018;0,661;3,852;2,873;0,005;13,262;7,453;1,45;3,577;15,558;1,154;5,317;0,664;3,641;0;0;0,952;0,248;0,271;1,178;1,915;0,23;2,381;0,002;5,706;72,353
01/07/2018;0,69;3,994;2,587;0,005;13,316;5,153;0,531;4,081;16,233;1,541;5,342;0,734;3,6;0;0;1,736;0,254;0,314;1,198;1,998;0,243;2,193;0,002;7,714;73,459
01/08/2018;0,658;3,997;2,924;0,005;14,388;3,102;0,523;5,034;16,641;1,302;4,098;0,819;2,771;0;0;1,796;0,277;0,333;1,188;2,004;0,247;2,35;0,002;7,714;72,174
01/09/2018;0,67;3,786;2,476;0,006;14,434;9,408;0,54;4,723;15,944;1,421;5,572;0,785;3,138;0;0;2,328;0,283;0,335;1,244;1,988;0,237;2,173;0,002;7,729;79,222
01/10/2018;0,698;3,823;2,764;0,006;12,348;6,464;0,557;4,36;14,826;1,316;5,57;0,743;2,843;0;0;2,303;0,284;0,323;0,637;2,029;0,241;2,227;0,002;6,716;71,083
01/11/2018;0,669;3,698;2,995;0,007;6,967;4,486;0,574;3,902;13,658;1,337;3,784;0,738;2,738;0;0;0,885;0,283;0,334;1,245;2,021;0,236;2,159;0,002;2,396;55,114
01/12/2018;0,668;3,693;2,935;0,005;7,997;3,799;0,535;3,66;12,582;1,193;3,126;0,642;2,412;0;0;0,499;0,281;0,295;1,079;1,774;0,238;1,958;0,003;0,008;49,383
01/01/2019;0,66;3,693;2,443;0,006;7,324;6,634;0,648;4,159;14,075;1,203;3,065;0,617;3,238;0;0;1,284;0,268;0,312;1,04;1,819;0,24;1,932;0;1,33;55,989
01/02/2019;0,63;3,715;3,258;0,006;11,518;9,502;1,391;4,087;16,222;1,387;3,065;0,657;3,9;0;0;2,451;0,254;0,323;1,163;1,993;0,267;2,126;0;0,075;67,99
01/03/2019;0,589;3,76;2,067;0,006;9,53;6,089;0,861;4,239;13,973;1,372;5,454;0,633;3,408;0;0;0,83;0,238;0,308;1,168;1,981;1,165;2,126;0;0,001;59,799
01/04/2019;0,551;3,855;1,737;0,006;6,419;4,83;0,894;4,365;13,727;1,422;4,091;0,646;2,498;0;0;0,614;0,239;0,319;1,168;1,994;0,262;2,316;0;0,055;52,009
01/05/2019;0,508;3,762;2,656;0,007;8,076;5,095;0,848;4,31;13,986;1,415;3,653;0,626;2,516;0;0;0,577;0,217;0,301;1,212;1,991;0,259;2,388;0;0,048;54,451
01/06/2019;0,419;3,81;2,722;0,006;9,047;3,949;0,554;4,373;13,558;1,456;3,937;0,733;2,306;0;0;0,509;0,197;0,264;1,204;1,94;0,243;2,151;0;2,035;55,412
01/07/2019;0,467;3,929;2,686;0,006;9,931;5,788;1,061;4,8;14,412;1,471;5,151;0,801;2,738;0;0;0,712;0,231;0,252;1,158;1,998;0,242;2,293;0;5,316;65,442
01/08/2019;0,533;3,781;2,725;0,006;11,937;5,621;1,57;4,983;14,586;1,277;5,324;0,845;3,265;0;0;1,653;0,249;0,283;1,075;2,002;0,254;2,245;0;5,999;70,213
01/09/2019;0,537;3,831;2,948;0,006;12,775;5,68;1,976;4,825;15,423;1,311;5,505;0,807;3,255;0;0;2,032;0,246;0,297;0,992;1,984;0,249;2,315;0;7,097;74,091
01/10/2019;0,549;4,128;2,769;0,006;13,371;8,681;1,972;5,012;14,947;1,464;5,507;0,799;3,537;0;0;1,943;0,24;0,291;1,13;2,015;0,242;2,269;0;7,364;78,233
01/11/2019;0,525;3,554;2,616;0,006;12,611;8,13;1,735;5,323;13,702;1,389;5,551;0,749;3,106;0;0;1,928;0,24;0,277;1,029;2,029;0,243;2,276;0;7,781;74,799
01/12/2019;0,517;3,554;2,468;0,006;9,103;5,699;1,005;5,072;12,431;1,238;5,496;0,635;3,08;0;0;1,112;0,238;0,253;0,98;1,863;0,247;2,124;0;7,196;64,316
01/01/2020;0,542;3,733;2,42;0,006;13,056;9,378;1,309;5,292;13,92;2,449;5,417;0,625;3,426;0;0;1,911;0,212;0,256;0,852;1,976;0,23;2,048;0;7,821;76,881
01/02/2020;0,525;3,676;2,492;0,006;9,616;5,568;1,247;4,828;13,357;0,926;5,538;0,644;2,532;0;0;0,553;0,228;0,276;1,032;2,085;0,231;2,111;0;4,931;62,402
01/03/2020;0,408;3,518;2,384;0,004;7,425;4,269;0,453;4,13;12,127;0,91;4,691;0,607;2,274;0;0;0,512;0,184;0,221;0,936;1,715;0,275;1,943;0;0,5;49,487
01/04/2020;0,293;3,046;2,475;0,003;6,032;1,762;0,265;5,034;9,18;1,722;3,324;0,442;2,102;0;0;1,332;0,089;0,108;0,711;1,07;0,183;1,802;0;0,031;41,004
01/05/2020;0,387;3;2,185;0,003;4,769;3,335;0,318;5,174;10,461;0,76;2,733;0,52;1,885;0;0;0,814;0,103;0,133;0,565;1,293;0,19;1,927;0;0,083;40,64
01/06/2020;0,438;3,404;2,268;0,003;6,76;5,06;0,429;5,191;12,556;0,78;2,97;0,629;2,055;0;0;0,564;0,126;0,175;0,769;1,583;0,214;2,015;0;2,139;50,127
01/07/2020;0,484;3,444;2,314;0,004;5,674;4,909;0,487;4,539;14,063;1,126;3,92;0,675;2,034;0;0;0,58;0,153;0,195;0,819;1,908;0,232;2,205;0;2,102;51,867
01/08/2020;0,503;3,145;2,295;0,004;6,048;4,362;0,514;4,768;14,532;0,891;4,653;0,659;2,078;0;0;0,561;0,196;0,202;0,938;2,028;0,236;2,123;0;2,134;52,871
01/09/2020;0,491;3,5;2,333;0,004;6,147;3,775;0,533;4,834;14,728;1,192;3,258;0,705;2,354;0;0;0,594;0,226;0,216;0,865;2,132;0,242;2,401;0;2,117;52,647
01/10/2020;0,451;3,701;2,315;0,005;11,63;7,709;0,514;5,138;15,393;2,175;5,309;0,69;3,446;0;0;1,613;0,235;0,221;0,852;2,124;0,252;2,278;0;6,806;72,857
01/11/2020;0,507;3,436;2,291;0,005;12,384;9,94;0,532;5,229;15,907;3,007;5,439;0,703;3,961;0;0;2,354;0,233;0,228;0,89;2,139;0,256;1,43;0;7,306;78,176
01/12/2020;0,48;3,498;2,68;0,005;14,19;10,027;0,589;5,149;15,19;2,73;5,632;0,682;2,862;0;0;2,148;0,231;0,224;0,864;2,013;0,264;1,495;0;7,153;78,105
01/01/2021;0,535;3,548;2,602;0,005;10,731;9,836;2,05;4,96;14,648;2,047;5,586;0,722;3,77;0;0;1,928;0,223;0,212;0,929;2,061;0,259;1,503;0;7,632;75,788
01/02/2021;0,607;3,599;2,62;0,006;7,414;8,189;1,487;4,866;15,126;2,507;5,248;0,722;3,566;0;0;0,892;0,228;0,213;0,902;2,148;0,899;1,504;0;4,92;67,663
01/03/2021;0,623;3,109;1,867;0,005;13,582;9,601;0,471;4,897;16,017;2,708;2,887;0,772;3,9;0;0;1,632;0,201;0,194;0,879;2,152;1,058;1,429;0;0,01;67,995
01/04/2021;0,591;3,532;2,576;0,005;12,26;8,29;0,484;4,71;16,541;1,769;3,649;0,677;3,807;0;0;1,308;0,195;0,2;0,838;2,167;1,398;1,577;0;1,127;67,703
01/05/2021;0,598;3,629;2,725;0,006;11,099;7,47;0,523;4,951;16,011;1,648;4,534;0,687;3,327;0;0;1,022;0,202;0,223;0,899;2,257;1,387;1,542;0;5,742;70,482
01/06/2021;0,497;3,79;2,768;0,007;14,141;10,425;0,553;5,377;16,845;2,715;5,244;0,731;4,093;0;0;1,483;0,209;0,228;0,925;2,278;1,238;1,62;0;6,978;82,147
01/07/2021;0,453;4,072;2,865;0,007;14,489;10,496;0,562;5,533;16,089;3,107;5,591;0,838;4,227;0;0;2,178;0,236;0,243;0,951;2,273;1,5;1,609;0;6,917;84,237
01/08/2021;0,61;3,731;2,703;0;12,988;9,907;0,568;5,487;17,115;1,828;4,043;0,879;4,007;0;0;2,728;0,224;0,239;0,954;2,275;1,432;1,479;0;7,426;80,623
01/09/2021;0,67;3,484;2,215;0,008;13,16;8,819;0,535;5,469;17,716;1,93;4,981;1,029;3,494;0;0;2,203;0,229;0,244;0,897;2,254;1,474;1,386;0;7,697;79,895
01/10/2021;0,53;3,907;2,82;0,008;15,926;10,676;0,577;5,433;16,811;2,693;3,767;1,096;3,823;0;0;1,948;0,227;0,247;0,904;2,238;1,062;1,662;0;7,465;83,821
01/11/2021;0,531;3,951;2,835;0,009;15,593;7,7;0,573;5,498;15,404;1,51;5,396;1,072;3,99;0;0;1,766;0,242;0,256;0,92;2,207;1,245;1,593;0;7,251;79,541
01/12/2021;0,654;5,083;2,909;0,009;13,023;8,941;0,836;4,719;13,896;0,83;3,612;0,99;3,593;0;0;1,418;0,238;0,257;0,784;2,104;1,601;3,38;0;3,216;72,094
01/01/2022;0,663;4,952;2,797;0,008;12,345;7,489;0,527;4,252;13,595;1,935;3,035;0,88;3,023;0;0;1,465;0,23;0,906;0,831;2,06;1,011;1,408;0;0;63,412
01/02/2022;0,703;4,862;2,776;0,007;12,136;5,804;0,577;4,589;13,53;1,343;3,26;0,957;3,161;0;0;0,885;0,234;0,885;0,983;2,166;1,505;1,492;0;0;61,855
01/03/2022;0,702;5,008;1,98;0,008;9,021;4,675;0,568;4,491;13,45;0,961;3,264;0,879;2,563;0;0;0,547;0,22;0,824;0,903;2,154;1,528;1,598;0;0,013;55,356
01/04/2022;0,7;5,517;1,76;0,008;6,947;2,529;0,573;4,998;13,01;0,97;3,036;0,842;2,624;0;0;0,576;0,221;0,962;0,904;2,142;1,532;1,539;0;0,042;51,43
01/05/2022;0,411;6,065;1,753;0,008;6,43;2,537;0,586;4,243;14,005;1,018;2,793;0,778;2,806;0;0;0,569;0,23;0,766;0,918;2,182;1,489;1,478;0;0,068;51,135
01/06/2022;0,651;6,297;1,748;0,008;5,966;2,429;0,583;4,631;14,478;1,034;2,961;0,855;2,737;0;0;0,55;0,232;0,925;0,911;2,163;1,166;1,61;0;6,399;58,334
01/07/2022;0,644;6,091;1,918;0,006;5,384;2,498;0,601;4,725;13,83;0,986;3,195;0,834;3,148;0;0;0,557;0,235;1,101;0,956;2,059;0,441;1,532;0;3,21;53,952
01/08/2022;0,654;7,367;2,199;0,005;4,644;2,414;0,603;4,724;14,001;1,21;3,087;0,857;3,037;0;0;0,585;0,233;1,12;0,909;1,997;1,562;1,519;0;4,438;57,166
01/09/2022;0,696;6,096;2,483;0,004;4,928;2,339;0,577;4,569;13,711;0,953;3,087;0,792;2,945;0;0;0,654;0,214;1,118;0,955;1,92;1,584;1,505;0;4,735;55,864
01/10/2022;0,656;7,691;2,393;0,004;6,282;2,274;0,56;4,946;12,695;0,948;3,115;0,761;3,084;0;0;0,572;0,201;0,978;0,903;1,812;1,575;1,527;0;3,491;56,469
01/11/2022;0,65;6,846;2,383;0,004;5,857;2,207;0,542;4,616;13,47;0,961;3,262;0,793;2,878;0;0;0,554;0,198;0,885;1,508;1,735;1,573;1,567;0;3,253;55,741
01/12/2022;0,605;7,657;2,494;0,004;6,33;2,109;0,483;5,002;11,662;0,869;3,02;0,712;2,83;0;0;0,549;0,175;1,065;0,83;1,36;1,493;1,431;0;3,638;54,316
01/01/2023;0,637;5,269;2,224;0,006;7,189;3,275;0,565;4,649;13,453;1,099;3,093;0,828;2,903;0;0;0,672;0,219;0,961;0,959;1,979;1,372;1,517;0;2,441;56,253
01/02/2023;0,665;5,732;2,28;0,003;5,648;2,248;0,495;5,066;12,335;0,845;1,636;0,721;2,938;0;0;0,529;0,185;1,057;0,843;1,702;1,495;1,958;0;0;48,383
01/03/2023;0,642;5,33;2,243;0,003;6,023;2,331;0,5;4,587;13,228;0,914;2,449;0,664;2,757;0;0;0,512;0,196;1,105;0,876;1,735;1,494;1,968;0;0,013;49,572
01/04/2023;0,542;6,577;2,357;0,003;6,345;2,28;0,519;4,892;16,979;0,867;2,741;0,577;2,81;0;0;0,56;0,184;1,097;0,806;1,63;0,301;2,096;0;2,281;56,443
01/05/2023;0,613;5,281;2,892;0,003;5,815;2,28;0,504;5,292;13,382;0,915;2,763;0,767;2,885;0;0;0,542;0,174;1,096;0,868;1,582;0,279;1,924;0;0,042;49,901
01/06/2023;0,635;5,581;2,772;0,003;6,1;2,355;0,479;5,261;12,962;0,915;3,116;0,865;2,833;0;0;0,434;0,162;1,056;0,854;1,593;0,294;1,985;0;5,551;55,805
01/07/2023;0,51;5,22;2,417;0,002;5,737;2,389;0,514;5,007;12,091;0,88;2,934;0,802;2,729;0;0;0,396;0,165;0,243;0,862;1,609;0,297;1,851;0;2,86;49,512
01/08/2023;0,617;4,762;2,483;0,002;5,596;2,444;0,456;5,033;12,824;0,812;2,811;0,822;2,779;0;0;0,487;0,17;0,265;0,848;1,646;0,307;1,995;0;2,361;49,52
;0,653;4,567;1,826;0,002;5,856;2,598;0,485;5,363;12,263;0,868;2,75;0,804;2,72;0;0;0,467;0,181;0,267;0,868;1,625;0,299;1,987;0;1,933;48,384
