data;algas;bahiagas;esgas;cebgas;ceg;ceg_rio;cegas;cigas;comgas;compagas;copergas;gas_brasiliano;gasmig;gaspisa;mtgas;msgas;pbgas;potigas;naturgy_sp;scgas;sergas;sulgas;goiasgas;gasmar;total
01/01/2010;0,45;3,65;1,76;0,01;4,4;2,34;0,42;0;11,77;0,85;0,95;0,53;1,57;0;0;0,17;0,35;0,37;1,4;1,53;0,25;1,3;0;0;34,08
01/02/2010;0,47;3,56;1,92;0,01;4,5;2,5;0,42;0;12,31;0,9;0,96;0,52;1,74;0;0,01;0,19;0,37;0,39;1,41;1,64;0,27;1,33;0;0;35,42
01/03/2010;0,51;3,58;0,8;0,01;4,77;2,44;0,43;0;12,68;0,99;0,98;0,51;1,71;0;0,01;0,21;0,38;0,4;1,49;1,72;0,26;1,38;0;0;35,25
01/04/2010;0,49;3,58;1,87;0,01;4,4;2,44;0,4;0;12,65;0,99;0,98;0,51;1,73;0;0,01;0,22;0,37;0,38;1,42;1,75;0,25;1,43;0;0;35,89
01/05/2010;0,47;3,43;1,73;0,01;4,61;2,29;0,41;0;12,66;0,95;0,92;0,66;1,75;0;0;0,21;0,36;0,38;1,5;1,77;0,26;1,48;0;0;35,88
01/06/2010;0,46;3,83;1,92;0,01;4,36;2,23;0,43;0;13,05;1,04;0,99;0,73;1,78;0;0;0,19;0,37;0,4;1,48;1,8;0,26;1,57;0;0;36,91
01/07/2010;0,48;3,95;2,16;0,01;4,87;2,24;0,43;0;12,85;1,01;0,98;0,76;1,88;0;0,01;0,22;0,39;0,41;1,47;1,82;0,28;1,53;0;0;37,75
01/08/2010;0,5;3,57;2,35;0,01;5,28;2,21;0,44;0;12,98;1,01;1,02;0,82;1,87;0;0,01;0,2;0,38;0,41;1,54;1,81;0,28;1,59;0;0;38,27
01/09/2010;0,51;3,82;2,5;0,01;5,36;2,07;0,44;0;12,91;0,98;0,99;0,82;1,92;0;0,01;0,23;0,38;0,4;1,45;1,8;0,29;1,69;0;0;38,58
01/10/2010;0,5;3,7;2,74;0,01;5,25;2,14;0,43;0;13,05;1,01;1,02;0,73;2,03;0;0,01;0,2;0,37;0,4;1,48;1,78;0,28;1,72;0;0;38,85
01/11/2010;0,45;3,32;2,92;0,01;5,12;2,12;0,44;0;12,67;0,97;1,03;0,62;2,06;0;0,01;0,2;0,37;0,4;1,49;1,78;0,28;1,48;0;0;37,75
01/12/2010;0,4;3,99;2,95;0,01;5;1,96;0,41;0;11,74;0,83;0,98;0,55;2,33;0;0,01;0,23;0,36;0,37;1,37;1,7;0,27;1,36;0;0;36,82
01/01/2011;0,42;3,85;2,71;0,01;4,6;2,04;0,41;0;12,25;0,79;0,97;0,54;2,59;0;0,01;0,18;0,32;0,34;1,42;1,72;0,26;1,35;0;0;36,8
01/02/2011;0,31;3,77;3,08;0,01;4,97;2,22;0,46;0;13,17;0,95;1;0,54;2,75;0;0,01;0,2;0,37;0,41;1,5;1,84;0,26;1,54;0;0;39,35
01/03/2011;0,47;3,96;2,61;0,01;4,84;2,16;0,44;0;13,23;0,96;0,95;0,6;2,89;0;0,01;0,19;0,35;0,4;1,45;1,85;0,24;1,74;0;0;39,34
01/04/2011;0,39;3,81;3,11;0,01;4,88;2,15;0,42;0;13,3;1,01;0,97;0,58;2,92;0;0;0,19;0,34;0,4;1,32;1,83;0,24;1,78;0;0;39,67
01/05/2011;0,43;3,83;2,89;0,01;5,03;2,47;0,46;0;13,25;1,08;1;0,69;2,95;0;0,01;0,19;0,34;0,41;1,4;1,86;0,25;1,98;0;0;40,53
01/06/2011;0,43;3,98;2,99;0,01;4,92;2,3;0,47;0;13,58;1,07;1,02;0,83;2,93;0;0,01;0,2;0,35;0,41;1,37;1,86;0,27;1,94;0;0;40,93
01/07/2011;0,47;3,98;2,75;0,01;4,74;2,18;0,47;0;13,28;1,08;1,04;0,88;2,79;0;0,01;0,29;0,34;0,4;1,42;1,85;0,28;2,01;0;0;40,29
01/08/2011;0,48;3,71;2,94;0,01;4,9;2,28;0,48;0;13,38;1,08;1,04;0,9;3,05;0;0,01;0,31;0,35;0,38;1,49;1,89;0,28;1,95;0;0;40,91
01/09/2011;0,45;3,5;2,99;0,01;4,9;2,07;0,49;0;13,48;1,07;1,02;0,93;2,94;0;0,01;0,26;0,36;0,38;1,44;1,86;0,28;1,95;0;0;40,4
01/10/2011;0,49;3,68;2,79;0,01;4,91;2,19;0,48;0;13,17;1,06;0,99;0,86;2,72;0;0,01;0,24;0,35;0,38;1,5;1,88;0,28;1,72;0;0;39,72
01/11/2011;0,5;3,94;2,67;0,01;4,74;2,34;0,48;0;13,08;1,02;1,03;0,96;2,81;0;0,01;0,26;0,37;0,39;1,51;1,87;0,28;1,8;0;0;40,09
01/12/2011;0,48;3,94;2,8;0,01;4,9;2,18;0,42;0;12;0,92;1;1,01;2,72;0;0,01;0,25;0,35;0,35;1,41;1,72;0,25;1,77;0;0;38,49
01/01/2012;0,5;3,8;2,65;0,01;4,57;2,05;0,42;0,01;12,5;0,89;0,98;1,04;2,96;0;0,01;0,23;0,36;0,37;1,39;1,71;0,25;1,57;0;0;38,28
01/02/2012;0,53;3,76;2,92;0,01;4,51;2,41;0,41;0,01;13,25;0,99;1;0,9;2,97;0;0,01;0,19;0,36;0,38;1,38;1,79;0,26;1,69;0;0;39,73
01/03/2012;0,51;3,71;2,71;0,01;4,75;2,33;0,43;0,01;12,79;1;1,04;0,73;2,83;0;0,01;0,2;0,36;0,38;1,37;1,83;0,27;1,74;0;0;39,03
01/04/2012;0,5;3,7;2,84;0,01;4,54;2,24;0,42;0,01;12,7;1,04;1;0,73;2,77;0;0,01;0,18;0,35;0,36;1,39;1,86;0,27;1,74;0;0;38,67
01/05/2012;0,5;3,91;2,52;0,01;4,79;2,27;0,45;0,01;13,29;1,07;1,01;0,76;2,77;0;0,01;0,23;0,35;0,36;1,37;1,9;0,27;1,85;0;0;39,69
01/06/2012;0,53;4,07;2,76;0,01;4,63;2,1;0,43;0,01;13,08;1,03;1,01;0,83;2,83;0;0,01;0,16;0,37;0,35;1,23;1,86;0,26;1,85;0;0;39,41
01/07/2012;0,58;3,89;2,75;0,01;4,68;2,25;0,43;0,02;13,22;1,07;0,99;0,82;2,87;0;0,01;0,23;0,36;0,36;1,34;1,92;0,28;1,76;0;0;39,84
01/08/2012;0,6;3,68;2,93;0,01;4,73;1,96;0,45;0,02;13,33;1,05;1,06;0,83;3,25;0;0,01;0,16;0,36;0,36;1,38;1,91;0,3;1,79;0;0;40,15
01/09/2012;0,57;3,69;2,87;0,01;4,76;2,11;0,42;0,02;13,2;1,06;1,14;0,83;3,12;0;0,01;0,18;0,36;0,33;1,46;1,89;0,3;1,89;0;0;40,22
01/10/2012;0,54;3,54;2,79;0,01;4,37;2,12;0,44;0,03;13,37;1,06;1,18;0,83;2,71;0;0,01;0,19;0,37;0,34;1,4;1,89;0,29;2,03;0;0;39,51
01/11/2012;0,56;3,54;2,61;0,01;4,33;2,18;0,45;0,03;13,05;1,07;1,07;0,82;2,85;0;0,01;0,2;0,37;0,32;1,37;1,9;0,29;1,86;0;0;38,91
01/12/2012;0,56;3,56;2,2;0,01;4,47;1,95;0,41;0,03;11,81;0,93;1,06;0,82;2,58;0;0,01;0,2;0,36;0,27;1,14;1,63;0,29;1,72;0;0;36,02
01/01/2013;0,57;3,41;1,9;0,01;2,72;2,39;0,46;0,02;12,54;0,87;1,09;0,88;2,77;0;0,01;0,21;0,35;0,3;1,22;1,68;0,27;1,8;0;0;35,46
01/02/2013;0,6;3,5;1,73;0,01;4,1;2,09;0,43;0,04;12,84;1,03;1,04;0,86;2,67;0;0,02;0,26;0,34;0,3;1,35;1,78;0,28;1,67;0;0;36,93
01/03/2013;0,58;3,55;1,67;0,01;4,34;2,29;0,43;0,03;12,59;1,02;1,08;0,84;2,79;0;0,02;0,23;0,33;0,33;1,22;1,79;0,27;1,63;0;0;37,03
01/04/2013;0,6;3,52;2,17;0,01;4,27;2,36;0,45;0,03;13,17;1,08;1,07;0,83;2,9;0;0,02;0,21;0,34;0,35;1,38;1,89;0,27;1,82;0;0;38,74
01/05/2013;0,55;3,53;1,93;0,01;4,43;2,58;0,46;0,03;13,08;1,1;1,17;0,81;2,94;0;0,02;0,22;0,35;0,34;1,35;1,9;0,26;1,73;0;0;38,78
01/06/2013;0,62;3,74;2,21;0,01;4,49;2,47;0,45;0,05;13,2;1,09;1,12;0,82;2,92;0;0,01;0,25;0,35;0,36;1,35;1,89;0,27;1,77;0;0;39,42
01/07/2013;0,58;3,87;2,07;0,01;4,31;2,3;0,47;0,05;13,41;1,14;1,12;0,83;2,86;0;0,01;0,23;0,33;0,38;1,4;1,92;0,27;1,75;0;0;39,32
01/08/2013;0,63;3,53;2,31;0,01;4,41;2,31;0,47;0,06;13,24;1,14;1,12;0,85;2,92;0;0,01;0,25;0,34;0,37;1,32;1,93;0,28;1,82;0;0;39,32
01/09/2013;0,57;3,68;2,43;0,01;4,31;2,27;0,48;0,05;13,21;1,09;1,18;0,85;2,75;0;0,01;0,2;0,35;0,38;1,32;1,91;0,27;1,77;0;0;39,11
01/10/2013;0,61;3,46;2,22;0,01;4,2;2,31;0,5;0,06;13,17;1,1;1,13;0,86;2,9;0;0,02;0,22;0,36;0,38;1,41;1,92;0,29;1,88;0;0;39,02
01/11/2013;0,6;3,92;2,19;0,01;4,2;2,58;0,48;0,06;12,68;1,01;1,17;0,86;2,86;0;0,02;0,22;0,37;0,37;1,4;1,89;0,29;1,96;0;0;39,13
01/12/2013;0,63;3,64;1,87;0,01;4,22;2,47;0,44;0,05;11,52;0,86;1,14;0,86;3,02;0;0,01;0,2;0,36;0,33;1,17;1,69;0,29;1,75;0;0;36,51
01/01/2014;0,64;3,71;2,26;0,01;4,08;2,43;0,46;0,05;11,87;0,81;1,13;0,8;3,01;0;0,01;0,21;0,36;0,34;1,24;1,73;0,27;1,67;0;0;37,1
01/02/2014;0,61;3,77;1,71;0,01;4,17;2,62;0,46;0,06;12,41;0,93;1,24;0,79;3,36;0;0,01;0,21;0,35;0,38;1,22;1,83;0,3;1,82;0;0;38,25
01/03/2014;0,6;3,55;1,82;0,01;4,13;2,6;0,43;0,06;12,59;0,89;1,28;0,78;3,43;0;0,01;0,18;0,34;0,37;1,3;1,83;0,27;1,77;0;0;38,24
01/04/2014;0,64;3,69;2,48;0,01;4,23;2,6;0,45;0,05;12,6;0,98;1,13;0,77;3,02;0;0,01;0,22;0,34;0,37;1,29;1,87;0,28;1,83;0;0;38,86
01/05/2014;0,61;3,74;2,17;0,01;4,26;2,58;0,47;0,06;12,75;1,04;1,17;0,76;3,14;0;0,01;0,22;0,34;0,38;1,25;1,87;0,28;2,03;0;0;39,13
01/06/2014;0,61;3,73;2,71;0,01;4,08;2,59;0,44;0,05;12,44;1,01;1,2;0,77;2,73;0;0,01;0,2;0,29;0,3;1,12;1,81;0,28;1,71;0;0;38,08
01/07/2014;0,62;3,84;2,89;0,01;4,08;2,57;0,47;0,06;12,52;1,05;1,12;0,78;2,84;0;0,01;0,22;0,34;0,34;1,11;1,83;0,29;1,62;0;0;38,61
01/08/2014;0,59;3,75;2,89;0,01;4,27;2,53;0,47;0,06;12,78;0,89;1,31;0,8;2,83;0;0,01;0,21;0,35;0,34;1,13;1,86;0,29;1,95;0;0;39,31
01/09/2014;0,62;3,6;2,9;0,01;4,21;2,45;0,48;0,07;12,21;1,14;1,28;0,81;2,85;0;0,01;0,2;0,34;0,35;1,16;1,88;0,3;1,88;0;0;38,73
01/10/2014;0,57;3,82;2,12;0,01;4,26;2,63;0,49;0,07;12,6;1,3;1,32;0,84;2,85;0;0,01;0,2;0,35;0,34;1,18;1,86;0,3;1,81;0;0;38,93
01/11/2014;0,62;3,66;2,94;0,01;4,3;2,66;0,49;0,08;12,38;1,32;1,16;0,86;2,89;0;0,01;1,48;0,34;0,34;1,15;1,83;0,3;1,8;0;0;40,63
01/12/2014;0,63;3,93;2,71;0,01;4,23;2,56;0,46;0,07;11,43;1,29;1,23;0,87;2,92;0;0,01;0,19;0,33;0,27;1,03;1,62;0,29;1,5;0;0;37,58
01/01/2015;0,61;3,58;2,66;0;3,95;2,32;0,48;0,08;11,6;1,28;1,95;0,94;2,84;0;0,01;0,2;0,31;0,29;1,06;1,65;0,27;1,73;0;0;37,83
01/02/2015;0,56;3,71;2,51;0,01;3,93;2,5;0,46;0,08;12,16;1,34;2,42;0,85;2,89;0;0,01;0,2;0,32;0,3;1,09;1,76;0,29;1,85;0;0;39,25
01/03/2015;0,58;3,25;2,06;0,01;4,39;2,56;0,47;0,08;12,17;1,44;2,59;0,81;2,79;0;0;0,21;0,32;0,31;1,1;1,77;0,28;2,11;0;0;39,32
01/04/2015;0,61;3,75;2,52;0,01;4,31;2,57;0,48;0,08;12,26;1,55;2,23;0,78;2,72;0;0;0,22;0,33;0,3;1,15;1,76;0,28;1,94;0;0;39,86
01/05/2015;0,56;3,44;2,23;0,01;4,09;2,33;0,47;0,09;12,18;1,54;2,69;0,76;2,68;0;0,01;0,22;0,3;0,29;1,15;1,79;0,27;1,96;0;0;39,07
01/06/2015;0,57;3,59;2,33;0,01;4,07;2,34;0,44;0,09;11,95;1,54;2,9;0,75;2,79;0;0;0,2;0,27;0,3;1,06;1,79;0,28;2,01;0;0;39,27
01/07/2015;0,62;3,71;2,22;0,01;4,1;2,39;0,43;0,09;11,81;1,54;2,66;0,75;2,5;0;0;0,2;0,31;0,29;1,14;1,76;0,28;2,13;0;0;38,93
01/08/2015;0,64;3,47;2,27;0,01;4,09;2,44;0,44;0,1;11,94;1,37;2,69;0,75;2,43;0;0;0,19;0,31;0,28;1,15;1,73;0,29;2,08;0;0;38,67
01/09/2015;0,63;3,5;2,92;0,01;4,1;2,46;0,46;0,11;11,62;1,46;2,73;0,75;2,48;0;0;0,21;0,31;0,27;1,11;1,72;0,28;1,93;0;0;39,07
01/10/2015;0,64;3,66;2,68;0,01;4,1;2,28;0,47;0,1;11,61;1,42;2,81;0,76;2,43;0;0;0,23;0,31;0,28;1,22;1,74;0,28;2,1;0;0;39,14
01/11/2015;0,66;4,03;2,3;0,01;4,01;2,43;0,47;0,1;11,42;1,21;2,68;0,76;2,31;0;0;0,23;0,3;0,26;1,17;1,79;0,28;1,91;0;0;38,34
01/12/2015;0,62;3,86;1,52;0,01;3,93;2,16;0,44;0,08;10,27;1,29;2,41;0,76;2,08;0;0;0,2;0,26;0,21;0,99;1,52;0,3;1,49;0;0;34,4
01/01/2016;0,6;3,43;1,52;0,01;3,75;2,05;0,44;0,09;10,68;1,27;2,39;0,78;2,2;0;0;0,18;0,27;0,24;1,03;1,53;0,28;1,83;0;0;34,56
01/02/2016;0,56;3,7;1,69;0,01;3,84;2,1;0,41;0,09;10,93;1,35;2,63;0,75;2,3;0;0;0,22;0,25;0,26;1,13;1,63;0,26;1,87;0;0;36
01/03/2016;0,64;3,4;1,52;0,01;4,02;1,99;0,43;0,09;10,87;1,39;2,48;0,74;2,27;0;0;0,2;0,26;0,28;1,08;1,67;0,25;1,94;0;0;35,53
01/04/2016;0,58;3,23;1,6;0,01;4,07;2,29;0,43;0,09;10,89;1,36;2,81;0,73;2,2;0;0;0,22;0,27;0,29;1,1;1,67;0,26;1,91;0;0;36,02
01/05/2016;0,63;3,36;1,72;0,01;4,01;1,81;0,44;0,1;11,62;1,4;2,86;0,73;2,24;0;0;0,21;0,27;0,28;1,15;1,69;0,27;2,11;0;0;36,93
01/06/2016;0,62;3,47;1,83;0,01;4,11;1,97;0,45;0,1;13,37;1,48;2,78;0,74;2,25;0;0;0,34;0,28;0,29;1,16;1,78;0,28;1,99;0;0;39,3
01/07/2016;0,58;3,33;1,55;0;4,17;1,91;0,45;0,1;11,31;1,47;2,79;0,74;2,3;0;0;0,35;0,28;0,28;1,15;1,74;0,28;2,07;0;0;36,84
01/08/2016;0,66;3,16;1,69;0;4,11;2;0,45;0,11;11,78;1,29;2,71;0,74;2,39;0;0;0,34;0,28;0,29;1,15;1,8;0,29;1,84;0;0;37,09
01/09/2016;0,67;3,36;1,77;0;4,19;2,12;0,46;0,1;11,67;1,01;2,56;0,75;2,3;0;0;0,33;0,29;0,28;1,07;1,78;0,29;1,94;0;0;36,96
01/10/2016;0,66;3,6;1,67;0;4,14;2,09;0,47;0,1;11,55;0,98;2,73;0,74;2,21;0;0;0,38;0,29;0,28;1,09;1,75;0,28;1,76;0;0;36,82
01/11/2016;0,63;3,02;1,69;0;4,09;2,21;0,48;0,1;11,72;0,93;2,67;0,74;2,71;0;0;0,37;0,29;0,28;1,09;1,7;0,29;1,87;0;0;36,9
01/12/2016;0,64;3,3;1,6;0;4,18;2,26;0,43;0,07;10,87;1,18;2,77;0,73;2,64;0;0;0,36;0,28;0,24;0,99;1,45;0,29;1,74;0;0;36,03
01/01/2017;0,615;3,439;1,686;0,004;4,022;2,395;0,43;0,093;10,75;1,14;1,208;0,621;2,454;0;0,003;0,276;0,276;0,28;1,074;1,577;0,283;1,658;0,003;0;34,287
01/02/2017;0,639;3,32;1,901;0,003;4,197;2,258;0,437;0,096;11,302;1,361;1,277;0,642;2,61;0;0,003;0,345;0,274;0,299;1,155;1,769;0,29;1,772;0,002;0;35,953
01/03/2017;0,643;3,239;1,58;0,004;4,197;2,268;0,443;0,1;11,566;1,378;2,68;0,65;2,828;0;0,003;0,344;0,275;0,308;1,138;1,765;0,256;1,854;0,002;0;37,52
01/04/2017;0,596;3,44;1,811;0,004;4,255;2,446;0,431;0,095;11,55;1,344;2,521;0,647;2,855;0;0,002;0,225;0,254;0,306;1,142;1,744;0,236;1,699;0,002;0;37,606
01/05/2017;0,595;3,592;1,771;0,004;4,297;2,539;0,454;0,096;11,975;1,383;2,67;0,655;2,709;0;0,003;0,383;0,27;0,308;1,191;1,825;0,252;1,799;0,002;0;38,774
01/06/2017;0,57;3,527;1,766;0,004;4,254;2,149;0,449;0,09;12,075;1,125;2,791;0,677;2,66;0;0;0,358;0,279;0,317;1,163;1,848;0,248;1,967;0,002;0;38,32
01/07/2017;0,667;3,651;1,694;0,003;4,326;2,232;0,446;0,098;12,007;1,114;2,852;0,694;2,625;0;0;0,357;0,252;0,332;1,178;1,838;0,256;1,849;0,002;0;38,474
01/08/2017;0,625;3,748;1,749;0,004;4,321;2,41;0,476;0,107;12,383;1,218;2,842;0,709;2,643;0;0;0,499;0,241;0,348;1,195;1,866;0,258;1,882;0,002;0;39,525
01/09/2017;0,623;3,65;1,809;0,004;4,569;2,321;0,472;0,104;11,945;1,169;2,79;0,718;2,7;0;0;0,662;0,264;0,343;1,165;1,799;0,245;1,983;0,002;0;39,336
01/10/2017;0,625;3,804;1,704;0,004;4,414;2,187;0,488;0,109;12,212;1,026;3,099;0,723;2,467;0;0;0,613;0,261;0,326;1,098;1,857;0,251;1,847;0,002;0;39,117
01/11/2017;0,638;3,953;1,83;0,004;4,397;2,252;0,495;0,109;12,209;0,883;3,164;0,727;2,445;0;0;0,599;0,275;0,317;1,11;1,858;0,256;2,112;0,002;0;39,635
01/12/2017;0,64;3,884;1,663;0,004;4,643;4,856;0,481;0,089;11,092;0,75;3,054;0,724;2,357;0;0;0,595;0,277;0,303;1,069;1,745;0,253;1,757;0,002;0;40,239
01/01/2018;0,491;3,884;1,755;0,004;4,16;2,382;0,503;0,109;11,66;1,091;2,932;0,724;2,395;0;0;0,625;0,272;0,318;1,01;1,747;0,258;2,008;0,002;0;38,331
01/02/2018;0,416;3,96;1,978;0,004;4,129;2,484;0,505;0,111;12,153;1,14;2,868;0,713;2,602;0;0;0,583;0,259;0,322;1,114;1,878;0,256;2,028;0,002;0;39,507
01/03/2018;0,469;3,897;1,556;0,004;4,409;2,384;0,51;0,114;11,935;1,067;2,721;0,689;2,622;0;0;0,589;0,246;0,331;1,045;1,935;0,248;1,936;0,002;0;38,708
01/04/2018;0,682;3,536;1,849;0,004;4,356;2,309;0,518;0,112;12,254;0,941;2,943;0,666;2,638;0;0;0,556;0,246;0,324;1,195;1,965;0,236;1,916;0,002;0;39,247
01/05/2018;0,688;3,645;1,826;0,004;4,428;2,305;0,495;0,108;11,83;0,91;2,914;0,645;2,58;0;0;0,613;0,245;0,314;1,104;1,889;0,248;1,923;0,002;0;38,716
01/06/2018;0,661;3,852;1,82;0,005;4,532;2,249;0,513;0,092;12,555;1,154;2,951;0,664;2,643;0;0;0,61;0,248;0,271;1,178;1,915;0,23;2,381;0,002;0;40,527
01/07/2018;0,69;3,994;1,792;0,005;4,445;2,269;0,531;0,105;12,758;1,541;3,02;0,734;2,638;0;0;0,626;0,254;0,314;1,198;1,998;0,243;2,193;0,002;0;41,35
01/08/2018;0,658;3,997;1,948;0,005;4,625;2,223;0,523;0,116;13,493;1,302;3,113;0,819;2,754;0;0;0,614;0,277;0,333;1,188;2,004;0,247;2,35;0,002;0;42,593
01/09/2018;0,67;3,765;1,887;0,006;4,724;2,281;0,54;0,109;13,178;1,42;3,175;0,785;2,689;0;0;0,57;0,283;0,335;1,244;1,988;0,237;2,173;0,002;0;42,064
01/10/2018;0,698;3,736;1,805;0,006;4,616;2,234;0,557;0,122;13,114;1,315;3,183;0,743;2,631;0;0;0,588;0,284;0,323;0,637;2,029;0,241;2,227;0,002;0;41,092
01/11/2018;0,669;3,682;1,946;0,007;4,484;2,309;0,574;0,117;13,02;1,333;3,195;0,738;2,683;0;0;0,572;0,283;0,334;1,245;2,021;0,236;2,159;0,002;0;41,609
01/12/2018;0,668;3,662;1,885;0,005;4,585;2,153;0,535;0,094;11,428;1,192;3,116;0,642;2,397;0;0;0,499;0,281;0,295;1,079;1,774;0,238;1,958;0,003;0;38,49
01/01/2019;0,66;3,685;1,941;0,006;4,308;2,334;0,548;0,108;11,973;1,202;2,921;0,617;2,646;0;0;0,606;0,268;0,312;1,04;1,819;0,24;1,932;0;0;39,165
01/02/2019;0,63;3,617;2,787;0,006;4,324;2,419;0,568;0,117;12,574;1,387;2,921;0,657;2,462;0;0;0,65;0,254;0,323;1,163;1,993;0,267;2,126;0;0;41,247
01/03/2019;0,589;3,626;2,001;0,006;4,363;2,532;0,536;0,111;12,4;1,372;3,121;0,633;2,417;0;0;0,594;0,238;0,308;1,168;1,981;1,165;2,126;0;0;41,288
01/04/2019;0,551;3,824;1,669;0,006;4,366;2,372;0,57;0,119;12,488;1,422;3,15;0,646;2,291;0;0;0,591;0,239;0,319;1,168;1,994;0,262;2,316;0;0;40,365
01/05/2019;0,508;3,753;1,596;0,007;4,374;2,315;0,572;0,116;12,773;1,415;3,016;0,626;2,478;0;0;0,577;0,217;0,301;1,212;1,991;0,259;2,388;0;0;40,495
01/06/2019;0,419;3,801;1,598;0,006;4,383;2,386;0,554;0,103;12,445;1,456;3,014;0,733;2,306;0;0;0,509;0,197;0,264;1,204;1,94;0,243;2,151;0;0;39,712
01/07/2019;0,467;3,845;1,62;0,006;4,161;2,557;0,532;0,115;12,36;1,47;3,002;0,801;2,168;0;0;0,712;0,231;0,252;1,158;1,998;0,242;2,293;0;0;39,99
01/08/2019;0,533;3,688;1,635;0,006;4,337;2,461;0,533;0,122;12,249;1,277;3,04;0,845;2,219;0;0;1,653;0,249;0,283;1,075;2,002;0,254;2,245;0;0;40,705
01/09/2019;0,537;3,692;1,816;0,006;5,567;2,447;0,551;0,118;12,815;1,31;3,194;0,807;2,24;0;0;2,032;0,246;0,297;0,992;1,984;0,249;2,315;0;0;43,214
01/10/2019;0,549;3,984;1,707;0,006;4,378;2,322;0,558;0,127;12,673;1,463;3,192;0,799;2,218;0;0;1,943;0,24;0,291;1,13;2,015;0,242;2,269;0;0;42,104
01/11/2019;0,525;3,397;1,499;0,006;4,479;2,49;0,559;0,12;12,442;1,386;3,17;0,749;2,084;0;0;0,578;0,24;0,277;1,029;2,029;0,243;2,276;0;0;39,577
01/12/2019;0,517;3,41;1,407;0,006;4,521;2,522;0,524;0,1;11,204;1,237;3,036;0,635;2,089;0;0;1,112;0,238;0,253;0,98;1,863;0,247;2,124;0;0;38,024
01/01/2020;0,542;3,61;1,32;0,006;4,027;2,477;0,543;0,149;11,669;1,154;3,046;0,625;2,265;0;0;0,569;0,212;0,256;0,852;1,976;0,23;2,048;0;0;37,577
01/02/2020;0,525;3,58;1,319;0,006;4,371;2,419;0,563;0,152;12,207;0,926;3,175;0,644;2,528;0;0;0,552;0,228;0,276;1,032;2,085;0,231;2,111;0;0;38,931
01/03/2020;0,408;3,517;1,341;0,004;3,801;2,225;0,453;0,145;11,05;0,91;3,041;0,607;2,272;0;0;0,512;0,184;0,221;0,936;1,715;0,214;1,943;0;0;35,499
01/04/2020;0,293;3,046;1,334;0,003;2,94;1,761;0,265;0,072;7,945;0,691;2,677;0,442;1,699;0;0;1,332;0,089;0,108;0,711;1,07;0,183;1,802;0;0;28,462
01/05/2020;0,387;3;1,109;0,003;3,013;2,008;0,318;0,09;9,339;0,734;2,733;0,52;1,882;0;0;0,814;0,103;0,133;0,565;1,293;0,19;1,927;0;0;30,162
01/06/2020;0,438;3,404;1,327;0,003;3,365;1,905;0,429;0,143;10,476;0,779;2,97;0,629;1,894;0;0;0,564;0,126;0,175;0,769;1,583;0,214;2,015;0;0;33,209
01/07/2020;0,484;3,444;1,28;0,004;3,823;2,148;0,487;0,157;11,917;0,834;3,038;0,675;2,028;0;0;0,58;0,153;0,195;0,819;1,908;0,232;2,205;0;0;36,41
01/08/2020;0,503;3,145;1,293;0,004;4,159;2,244;0,514;0,158;12,388;0,891;3,228;0,659;2,077;0;0;0,561;0,196;0,202;0,938;2,028;0,236;2,123;0;0;37,547
01/09/2020;0,491;3,495;1,284;0,004;4,088;2,24;0,533;0,173;12,526;0,969;3,258;0,705;2,353;0;0;0,594;0,226;0,216;0,865;2,132;0,242;2,401;0;0;38,796
01/10/2020;0,451;3,553;1,258;0,005;5,038;2,236;0,514;0,169;12,972;0,912;3,295;0,69;2,459;0;0;0,558;0,235;0,221;0,852;2,124;0,252;2,278;0;0;40,072
01/11/2020;0,507;3,281;1,249;0,005;4,253;2,243;0,532;0,17;13,444;0,908;3,066;0,703;2,528;0;0;0,555;0,233;0,228;0,89;2,139;0,256;1,43;0;0;38,622
01/12/2020;0,48;3,349;1,577;0,005;4,151;2,393;0,538;0,151;12,785;0,864;3,209;0,682;2,406;0;0;0,493;0,231;0,224;0,864;2,013;0,264;1,495;0;0;38,176
01/01/2021;0,535;3,402;1,537;0,005;4,004;2,345;0,521;0,137;12,51;0,857;3,269;0,722;2,484;0;0;0,542;0,223;0,212;0,929;2,061;0,259;1,503;0;0;38,055
01/02/2021;0,607;3,45;1,546;0,006;4,051;2,531;0,516;0,153;12,854;0,904;3,037;0,722;2,728;0;0;0,52;0,228;0,213;0,902;2,148;0,899;1,504;0;0;39,519
01/03/2021;0,623;3,097;0,76;0,005;4,117;2,488;0,471;0,175;12,559;0,871;2,887;0,772;2,57;0;0;0,493;0,201;0,194;0,879;2,152;1,058;1,429;0;0;37,8
01/04/2021;0,591;3,528;1,568;0,005;3,9;2,501;0,484;0,177;12,502;0,907;3,078;0,677;2,636;0;0;0,545;0,195;0,2;0,838;2,167;1,398;1,577;0;0;39,475
01/05/2021;0,598;3,508;1,62;0,006;4,306;2,464;0,523;0,175;13,014;0,922;3,215;0,687;2,74;0;0;0,54;0,202;0,223;0,899;2,257;1,387;1,542;0;0;40,828
01/06/2021;0,497;3,635;1,689;0,007;4,216;2,5;0,553;0,184;13,987;0,893;3,193;0,731;2,632;0;0;0,562;0,209;0,228;0,925;2,278;1,238;1,62;0;0;41,777
01/07/2021;0,453;3,922;1,75;0,007;4,45;2,43;0,562;0,182;13,811;0,977;3,217;0,838;2,712;0;0;0,557;0,236;0,243;0,951;2,273;1,5;1,609;0;0;42,68
01/08/2021;0,61;3,572;1,704;0;4,641;2,479;0,568;0,193;14,071;0,843;1,649;0,879;2,543;0;0;0,52;0,224;0,239;0,954;2,275;1,432;1,479;0;0;40,875
01/09/2021;0,67;3,328;1,611;0,008;4,507;2,44;0,535;0,191;14,308;0,852;2,763;1,029;2,619;0;0;0,555;0,229;0,244;0,897;2,254;1,474;1,386;0;0;41,899
01/10/2021;0,53;3,757;1,744;0,008;4,394;2,379;0,577;0,19;14,314;0,968;1,957;1,096;2,592;0;0;0,615;0,227;0,247;0,904;2,238;1,062;1,662;0;0;41,46
01/11/2021;0,531;3,84;1,745;0,009;4,482;2,407;0,573;0,186;13,572;0,893;3,491;1,072;2,651;0;0;0,598;0,242;0,256;0,92;2,207;1,245;1,593;0;0;42,514
01/12/2021;0,654;3,955;1,828;0,009;4,391;2,362;0,539;0,15;12,552;0,829;3,161;0,99;2,556;0;0;0,542;0,238;0,257;0,784;2,104;1,601;3,38;0;0;42,882
01/01/2022;0,663;4,952;1,719;0,008;3,981;2,365;0,527;0,269;12,431;0,815;3,035;0,88;2,251;0;0;0,497;0,23;0,237;0,831;2,06;1,011;1,408;0;0;40,172
01/02/2022;0,703;4,862;1,699;0,007;4,364;2,318;0,577;0,396;12,777;0,864;3,26;0,957;2,666;0;0;0,564;0,234;0,257;0,983;2,166;1,505;1,492;0;0;42,652
01/03/2022;0,702;5,008;1,584;0,008;4,295;2,361;0,567;0,563;12,369;0,96;3,264;0,879;2,557;0;0;0,531;0,22;0,265;0,903;2,154;1,528;1,598;0;0;42,315
01/04/2022;0,7;5,517;1,709;0,008;4,35;2,327;0,573;0,634;12,224;0,97;2,959;0,842;2,624;0;0;0,576;0,221;0,262;0,904;2,142;1,532;1,539;0;0;42,613
01/05/2022;0,411;6,065;1,753;0,008;4,447;2,501;0,586;0,575;13,178;1,018;2,753;0,778;2,806;0;0;0,569;0,23;0,285;0,918;2,182;1,489;1,478;0;0;44,03
01/06/2022;0,651;6,297;1,748;0,008;5,009;2,399;0,583;0,641;13,706;1,034;2,961;0,855;2,737;0;0;0,55;0,232;0,295;0,911;2,163;1,166;1,61;0;0;45,556
01/07/2022;0,644;6,091;1,571;0,006;4,282;2,288;0,601;0,612;13,029;0,985;3,195;0,834;3,148;0;0;0,557;0,235;0,298;0,956;2,059;0,441;1,532;0;0;43,364
01/08/2022;0,654;7,367;1,45;0,005;4,529;2,334;0,603;0,587;13,227;0,996;3,087;0,857;3,037;0;0;0,573;0,233;0,292;0,909;1,997;1,562;1,519;0;0;45,819
01/09/2022;0,696;6,096;1,741;0,004;4,395;2,286;0,577;0,616;12,926;0,952;3,087;0,792;2,945;0;0;0,567;0,214;0,288;0,955;1,92;1,584;1,505;0;0;44,145
01/10/2022;0,656;7,691;1,655;0,004;4,188;2,27;0,56;0,685;12,053;0,948;3,115;0,761;2,931;0;0;0,572;0,201;0,277;0,903;1,812;1,575;1,527;0;0;44,385
01/11/2022;0,65;6,846;1,653;0,004;4,168;2,207;0,542;0,715;12,555;0,961;3,262;0,793;2,878;0;0;0,554;0,198;0,278;1,508;1,735;1,573;1,567;0;0;44,647
01/12/2022;0,605;7,657;1,76;0,004;4,033;2,106;0,483;0,644;10,55;0,869;3,02;0,712;2,828;0;0;0,549;0,175;0,26;0,83;1,36;1,493;1,431;0;0;41,367
01/01/2023;0,637;5,269;1,849;0,003;3,861;2,238;0,493;0,704;12,108;0,805;2,765;0,678;2,824;0;0;0,55;0,154;0,252;0,757;1,385;1,487;2,15;0;0;40,968
01/02/2023;0,665;4,735;1,543;0,003;4,027;2,248;0,478;0,739;11,42;0,845;1,636;0,721;2,938;0;0;0,529;0,185;0,272;0,843;1,702;1,495;1,958;0;0;38,982
01/03/2023;0,642;4,601;1,507;0,003;4,13;2,331;0,5;0,762;12,224;0,914;2,449;0,664;2,749;0;0;0,512;0,196;0,274;0,876;1,735;1,494;1,968;0;0;40,531
01/04/2023;0,542;5,962;1,597;0,003;3,993;2,274;0,519;0,754;15,926;0,867;2,741;0,577;2,81;0;0;0,56;0,184;0,265;0,806;1,63;0,301;2,096;0;0;44,407
01/05/2023;0,613;4,577;2,126;0,003;4,535;2,279;0,504;1,133;12,372;0,915;2,763;0,767;2,884;0;0;0,542;0,174;0,267;0,868;1,582;0,279;1,924;0;0;41,108
01/06/2023;0,635;5,172;2,022;0,003;4,074;2,321;0,479;0,841;11,944;0,915;3,114;0,865;2,832;0;0;0,434;0,162;0,239;0,854;1,593;0,294;1,985;0;0;40,778
01/07/2023;0,51;4,753;1,707;0,002;4,289;2,388;0,514;0,827;11,735;0,88;2,934;0,802;2,728;0;0;0,396;0,165;0,238;0,862;1,609;0,297;1,851;0;0;39,485
01/08/2023;0,617;4,066;1,718;0,002;4,173;2,385;0,456;0,853;11,895;0,811;2,811;0,822;2,774;0;0;0,487;0,17;0,265;0,848;1,646;0,307;1,995;0;0;39,102
